{
	"info": {
		"_postman_id": "62a8062f-3dc2-4a16-ad2b-94f3a9aba2cf",
		"name": "3 Create Postman Collection of Requests GitHub Issues",
		"schema": "https://schema.getpostman.com/json/collection/v2.1.0/collection.json"
	},
	"item": [
		{
			"name": "GET",
			"item": [
				{
					"name": "Get All Issues",
					"request": {
						"method": "GET",
						"header": [],
						"url": {
							"raw": "https://api.github.com/repos/testnakov/test-nakov-repo/issues",
							"protocol": "https",
							"host": [
								"api",
								"github",
								"com"
							],
							"path": [
								"repos",
								"testnakov",
								"test-nakov-repo",
								"issues"
							]
						}
					},
					"response": []
				},
				{
					"name": "Get Specific Issue",
					"request": {
						"method": "GET",
						"header": [],
						"url": {
							"raw": "https://api.github.com/repos/testnakov/test-nakov-repo/issues/9",
							"protocol": "https",
							"host": [
								"api",
								"github",
								"com"
							],
							"path": [
								"repos",
								"testnakov",
								"test-nakov-repo",
								"issues",
								"9"
							]
						}
					},
					"response": []
				},
				{
					"name": "Get Comments For Specific Issue",
					"request": {
						"auth": {
							"type": "noauth"
						},
						"method": "GET",
						"header": [],
						"url": {
							"raw": "https://api.github.com/repos/testnakov/test-nakov-repo/issues/9/comments",
							"protocol": "https",
							"host": [
								"api",
								"github",
								"com"
							],
							"path": [
								"repos",
								"testnakov",
								"test-nakov-repo",
								"issues",
								"9",
								"comments"
							]
						}
					},
					"response": []
				},
				{
					"name": "Get Specific Comment",
					"request": {
						"method": "GET",
						"header": [],
						"url": {
							"raw": "https://api.github.com/repos/testnakov/test-nakov-repo/issues/comments/763007669",
							"protocol": "https",
							"host": [
								"api",
								"github",
								"com"
							],
							"path": [
								"repos",
								"testnakov",
								"test-nakov-repo",
								"issues",
								"comments",
								"763007669"
							]
						}
					},
					"response": []
				},
				{
					"name": "Retrieve All Labels For Issue",
					"request": {
						"auth": {
							"type": "basic",
							"basic": [
								{
									"key": "password",
									"value": "write_your_password_here",
									"type": "string"
								},
								{
									"key": "username",
									"value": "write_your_username_here",
									"type": "string"
								}
							]
						},
						"method": "GET",
						"header": [],
						"url": {
							"raw": "https://api.github.com/repos/testnakov/test-nakov-repo/issues/1285/labels",
							"protocol": "https",
							"host": [
								"api",
								"github",
								"com"
							],
							"path": [
								"repos",
								"testnakov",
								"test-nakov-repo",
								"issues",
								"1285",
								"labels"
							]
						}
					},
					"response": []
				},
				{
					"name": "Retrieve All Comments For Issue",
					"protocolProfileBehavior": {
						"disableBodyPruning": true
					},
					"request": {
						"auth": {
							"type": "basic",
							"basic": [
								{
									"key": "password",
									"value": "write_your_password_here",
									"type": "string"
								},
								{
									"key": "username",
									"value": "write_your_username_here",
									"type": "string"
								}
							]
						},
						"method": "GET",
						"header": [],
						"body": {
							"mode": "raw",
							"raw": "{\r\n    \"body\": \"Comment created by Uzunov \\n another one\"\r\n}",
							"options": {
								"raw": {
									"language": "json"
								}
							}
						},
						"url": {
							"raw": "https://api.github.com/repos/testnakov/test-nakov-repo/issues/9/comments",
							"protocol": "https",
							"host": [
								"api",
								"github",
								"com"
							],
							"path": [
								"repos",
								"testnakov",
								"test-nakov-repo",
								"issues",
								"9",
								"comments"
							]
						}
					},
					"response": []
				},
				{
					"name": "Retrieve Comment By Id",
					"protocolProfileBehavior": {
						"disableBodyPruning": true
					},
					"request": {
						"auth": {
							"type": "basic",
							"basic": [
								{
									"key": "password",
									"value": "write_your_password_here",
									"type": "string"
								},
								{
									"key": "username",
									"value": "write_your_username_here",
									"type": "string"
								}
							]
						},
						"method": "GET",
						"header": [],
						"body": {
							"mode": "raw",
							"raw": "{\r\n    \"body\": \"Comment created by Uzunov \\n another one\"\r\n}",
							"options": {
								"raw": {
									"language": "json"
								}
							}
						},
						"url": {
							"raw": "https://api.github.com/repos/testnakov/test-nakov-repo/issues/comments/763862538",
							"protocol": "https",
							"host": [
								"api",
								"github",
								"com"
							],
							"path": [
								"repos",
								"testnakov",
								"test-nakov-repo",
								"issues",
								"comments",
								"763862538"
							]
						}
					},
					"response": []
				}
			]
		},
		{
			"name": "POST",
			"item": [
				{
					"name": "Create New Issue",
					"event": [
						{
							"listen": "test",
							"script": {
								"exec": [
									"bodyData = JSON.parse(responseBody);\r",
									"\r",
									"valueNewIssue = bodyData.number\r",
									"\r",
									"console.log(valueNewIssue)\r",
									"\r",
									"pm.environment.set(\"newIssueNumber\", valueNewIssue);"
								],
								"type": "text/javascript"
							}
						}
					],
					"request": {
						"auth": {
							"type": "basic",
							"basic": [
								{
									"key": "password",
									"value": "write_your_password_here",
									"type": "string"
								},
								{
									"key": "username",
									"value": "write_your_username_here",
									"type": "string"
								}
							]
						},
						"method": "POST",
						"header": [],
						"body": {
							"mode": "raw",
							"raw": "{\r\n    \"title\": \"Message title created by Uzunov\",\r\n    \"body\": \"Message body created by Uzunov\"\r\n}",
							"options": {
								"raw": {
									"language": "json"
								}
							}
						},
						"url": {
							"raw": "https://api.github.com/repos/testnakov/test-nakov-repo/issues",
							"protocol": "https",
							"host": [
								"api",
								"github",
								"com"
							],
							"path": [
								"repos",
								"testnakov",
								"test-nakov-repo",
								"issues"
							]
						}
					},
					"response": []
				},
				{
					"name": "Create New Comment For Specific Issue",
					"event": [
						{
							"listen": "test",
							"script": {
								"exec": [
									"bodyData = JSON.parse(responseBody);\r",
									"\r",
									"valueNewCooment = bodyData.id\r",
									"\r",
									"console.log(valueNewCooment)\r",
									"\r",
									"pm.environment.set(\"newCommentNumber\", valueNewCooment);"
								],
								"type": "text/javascript"
							}
						}
					],
					"request": {
						"auth": {
							"type": "basic",
							"basic": [
								{
									"key": "password",
									"value": "write_your_password_here",
									"type": "string"
								},
								{
									"key": "username",
									"value": "write_your_username_here",
									"type": "string"
								}
							]
						},
						"method": "POST",
						"header": [],
						"body": {
							"mode": "raw",
							"raw": "{\r\n    \"body\": \"Comment created by Uzunov \\n another one\"\r\n}",
							"options": {
								"raw": {
									"language": "json"
								}
							}
						},
						"url": {
							"raw": "https://api.github.com/repos/testnakov/test-nakov-repo/issues/9/comments",
							"protocol": "https",
							"host": [
								"api",
								"github",
								"com"
							],
							"path": [
								"repos",
								"testnakov",
								"test-nakov-repo",
								"issues",
								"9",
								"comments"
							]
						}
					},
					"response": []
				}
			]
		},
		{
			"name": "PATCH",
			"item": [
				{
					"name": "Edit Specific Issue",
					"request": {
						"auth": {
							"type": "basic",
							"basic": [
								{
									"key": "password",
									"value": "write_your_password_here",
									"type": "string"
								},
								{
									"key": "username",
									"value": "write_your_username_here",
									"type": "string"
								}
							]
						},
						"method": "PATCH",
						"header": [],
						"body": {
							"mode": "raw",
							"raw": "{\r\n    \"title\": \"Message title created by Uzunov\",\r\n    \"body\": \"Message body created by Uzunov \\n and later modified\"\r\n}",
							"options": {
								"raw": {
									"language": "json"
								}
							}
						},
						"url": {
							"raw": "https://api.github.com/repos/testnakov/test-nakov-repo/issues/1820",
							"protocol": "https",
							"host": [
								"api",
								"github",
								"com"
							],
							"path": [
								"repos",
								"testnakov",
								"test-nakov-repo",
								"issues",
								"1820"
							]
						}
					},
					"response": []
				},
				{
					"name": "Close Existing Issue",
					"request": {
						"auth": {
							"type": "basic",
							"basic": [
								{
									"key": "password",
									"value": "write_your_password_here",
									"type": "string"
								},
								{
									"key": "username",
									"value": "write_your_username_here",
									"type": "string"
								}
							]
						},
						"method": "PATCH",
						"header": [],
						"body": {
							"mode": "raw",
							"raw": "{\r\n    \"state\": \"closed\"\r\n}",
							"options": {
								"raw": {
									"language": "json"
								}
							}
						},
						"url": {
							"raw": "https://api.github.com/repos/testnakov/test-nakov-repo/issues/1820",
							"protocol": "https",
							"host": [
								"api",
								"github",
								"com"
							],
							"path": [
								"repos",
								"testnakov",
								"test-nakov-repo",
								"issues",
								"1820"
							]
						}
					},
					"response": []
				},
				{
					"name": "Edit Specific Comment",
					"event": [
						{
							"listen": "test",
							"script": {
								"exec": [
									""
								],
								"type": "text/javascript"
							}
						}
					],
					"request": {
						"auth": {
							"type": "basic",
							"basic": [
								{
									"key": "password",
									"value": "write_your_password_here",
									"type": "string"
								},
								{
									"key": "username",
									"value": "write_your_username_here",
									"type": "string"
								}
							]
						},
						"method": "PATCH",
						"header": [],
						"body": {
							"mode": "raw",
							"raw": "{\r\n    \"body\": \"Comment created by Uzunov and moddddified\"\r\n}",
							"options": {
								"raw": {
									"language": "json"
								}
							}
						},
						"url": {
							"raw": "https://api.github.com/repos/testnakov/test-nakov-repo/issues/comments/766321257",
							"protocol": "https",
							"host": [
								"api",
								"github",
								"com"
							],
							"path": [
								"repos",
								"testnakov",
								"test-nakov-repo",
								"issues",
								"comments",
								"766321257"
							]
						}
					},
					"response": []
				}
			]
		},
		{
			"name": "DELETE",
			"item": [
				{
					"name": "Delete Specific Comment",
					"request": {
						"auth": {
							"type": "basic",
							"basic": [
								{
									"key": "password",
									"value": "write_your_password_here",
									"type": "string"
								},
								{
									"key": "username",
									"value": "write_your_username_here",
									"type": "string"
								}
							]
						},
						"method": "DELETE",
						"header": [],
						"url": {
							"raw": "https://api.github.com/repos/testnakov/test-nakov-repo/issues/comments/766321257",
							"protocol": "https",
							"host": [
								"api",
								"github",
								"com"
							],
							"path": [
								"repos",
								"testnakov",
								"test-nakov-repo",
								"issues",
								"comments",
								"766321257"
							]
						}
					},
					"response": []
				}
			]
		}
	],
	"event": [
		{
			"listen": "prerequest",
			"script": {
				"type": "text/javascript",
				"exec": [
					""
				]
			}
		},
		{
			"listen": "test",
			"script": {
				"type": "text/javascript",
				"exec": [
					""
				]
			}
		}
	]
}